{
  "aws_project_region": "eu-west-3",
  "aws_cognito_identity_pool_id": "eu-west-3:b775130d-4a9c-4079-ae26-f8d7812c1a13",
  "aws_cognito_region": "eu-west-3",
  "aws_user_pools_id": "eu-west-3_OMoDS9eAU",
  "aws_user_pools_web_client_id": "3s2vu7c1f5f7n7ki8tdr4smfre",
  "oauth": {},
  "aws_cognito_username_attributes": [
    "EMAIL"
  ],
  "aws_cognito_social_providers": [],
  "aws_cognito_signup_attributes": [
    "EMAIL"
  ],
  "aws_cognito_mfa_configuration": "OFF",
  "aws_cognito_mfa_types": [
    "SMS"
  ],
  "aws_cognito_password_protection_settings": {
    "passwordPolicyMinLength": 8,
    "passwordPolicyCharacters": []
  },
  "aws_cognito_verification_mechanisms": [
    "EMAIL"
  ]
}